pdb,mutations,type,ddg,prediction_mmCSM-PPI
1tm1,"RI67A,RI65A",forward,-5.05192,-2.8
1tm1,"TI58A,EI60A",forward,-3.3904,-2.53
1tm1,"TI58D,EI60A",forward,-0.754171,-2.38
1y4a,"SI60E,RI59M",forward,3.54966,-4.84
1tm1,"EI60S,MI59R",forward,-3.54966,-3.6
1brs,"KA27A,YD29A",forward,-8.62459,-4.19
1brs,"KA27A,DD35A",forward,-9.5492,-4.5
1brs,"KA27A,WD38F",forward,-5.11317,-3.67
1brs,"KA27A,DD39A",forward,-8.27804,-5.17
1brs,"KA27A,TD42A",forward,-5.72393,-2.94
1brs,"KA27A,ED76A",forward,-6.69601,-3.5
1brs,"KA27A,ED80A",forward,-5.51315,-2.14
1brs,"RA59A,YD29A",forward,-8.12261,-3.41
1brs,"RA59A,DD35A",forward,-6.33446,-3.92
1brs,"RA59A,WD38F",forward,-6.278,-3.41
1brs,"RA59A,TD42A",forward,-6.82086,-2.91
1brs,"RA59A,ED76A",forward,-4.97029,-2.77
1brs,"RA59A,ED80A",forward,-5.20147,-2.41
1brs,"RA83Q,YD29A",forward,-8.29304,-4.46
1brs,"RA83Q,DD35A",forward,-9.60566,-5.46
1brs,"RA83Q,WD38F",forward,-6.75843,-4.75
1brs,"RA83Q,DD39A",forward,-6.4391,-6.57
1brs,"RA83Q,TD42A",forward,-6.10756,-3.85
1brs,"RA83Q,ED76A",forward,-6.72108,-4.39
1brs,"RA83Q,ED80A",forward,-5.76404,-3.56
1brs,"RA87A,YD29A",forward,-8.05282,-4.57
1brs,"RA87A,WD38F",forward,-7.04099,-4.18
1brs,"RA87A,DD39A",forward,-7.18532,-6.02
1brs,"RA87A,TD42A",forward,-7.0202,-4.19
1brs,"RA87A,ED76A",forward,-6.86645,-4.14
1brs,"RA87A,ED80A",forward,-6.12699,-3.45
1brs,"HA102A,YD29A",forward,-6.3069,-6.05
1brs,"HA102A,YD29F",forward,-5.5497,-5.16
1brs,"HA102A,WD38F",forward,-7.64217,-5.14
1brs,"HA102A,DD39A",forward,-8.99134,-7.16
1brs,"HA102A,TD42A",forward,-8.13563,-5.1
1brs,"HA102A,ED76A",forward,-7.56306,-4.61
1brs,"HA102A,ED80A",forward,-6.74512,-4.57
1brs,"RA59A,DD39A",forward,-11.3613,-4.84
1brs,"EA73Q,DD39A",forward,-7.20733,-4.4
1brs,"EA73Q,ED76A",forward,-3.52701,-2.95
1brs,"EA73W,DD39A",forward,-6.66524,-3.5
1brs,"EA73W,DD35A",forward,-5.71249,-3.14
1brs,"EA73W,ED76A",forward,-3.54966,-0.31
1brs,"EA73F,DD39A",forward,-7.47173,-3.91
1brs,"EA73F,DD35A",forward,-6.4102,-3.24
1brs,"EA73A,DD39A",forward,-7.18532,-4.87
1brs,"EA73A,DD35A",forward,-6.44023,-3.7
1brs,"HA102Q,RA59K",forward,-6.91218,-5.17
1brs,"HA102Q,RA59A",forward,-9.30898,-5.45
1b2u,"AA27K,AD36D",forward,9.5492,0.87
1b2s,"AA27K,AD43T",forward,5.72393,0.15
1b3s,"AA102H,FD30Y",forward,5.5497,0.97
1sbb,"LB20T,VB26Y,YB91V",forward,-0.132202,-0.44
1sbb,"TB20L,YB26V,VB91Y",reverse,0.132202,-0.9
1ahw,"TC121A,KC122A",forward,-0.639143,0
1ahw,"KC149A,DC150A",forward,-1.182,-0.89
1ahw,"IC152Q,TC154I,YC156T",forward,-3.97749,-4.94
1ahw,"KC165A,KC166A",forward,1.33031,-1.3
1ahw,"KC169A,NC171A,NC173A",forward,-4.07483,-2.42
1ahw,"SC195A,RC196A",forward,-4.01836,-1.08
1ahw,"RC200A,KC201A",forward,-4.01836,-3.41
1dvf,"EB98A,YD98A",forward,-4.63537,-6.05
1dvf,"DB54A,YC49A",forward,-4.49488,-5.07
1dvf,"DB58A,QD100A",forward,-1.46483,-2.66
1dvf,"YA49A,ND54A",forward,-2.03128,-3.2
1dvf,"YA32A,RD100A",forward,-4.65267,-6.34
1dvf,"NB56A,QD100A",forward,-1.48753,-2.43
1dvf,"WB52A,QD100A",forward,-4.16473,-4.39
1dvf,"DB100A,HD33A",forward,-4.14998,-3.04
1dvf,"DB100A,DD52A",forward,-4.32166,-2.86
1dvf,"YA49A,HD33A",forward,-2.62622,-3.45
1dvf,"DB100A,ND54A",forward,-4.09251,-2.95
1dvf,"NB56A,ND54A",forward,-2.30212,-1.99
1dvf,"NB56A,HD33A",forward,-2.52713,-2.98
1efn,"TA97H,EA98H",forward,-0.983903,-0.13
2noj,"RB75A,NB82A",forward,-0.748677,-2.64
3bp8,"FA136A,AC63F",forward,0.774552,-0.14
2wpt,"NA34V,RA38T",forward,2.58829,0.48
2wpt,"DA33L,NA34V,RA38T",forward,6.33605,2.08
2wpt,"NA34V,RA38T,RA42E",forward,3.23296,0.42
2wpt,"FB86A,DA33A",forward,0.132202,0.16
2wpt,"AB86F,AA33D",reverse,-0.132202,-0.16
2wpt,"FB86A,NA34A",forward,-1.3522,-1.96
2wpt,"FB86A,VA37A",forward,-3.11275,-4.01
1emv,"FB86A,LA33A",forward,-6.67996,-5.57
1emv,"FB86A,VA34A",forward,-4.66583,-3.97
1emv,"FB86A,VA37A",forward,-4.0684,-4.08
1emv,"FB86A,YA54A",forward,-8.72351,-6.71
1emv,"FB86A,YA55A",forward,-8.26323,-6.19
2pcc,"KB87A,DA34A",forward,-0.203012,0.27
2pcc,"AB87K,AA34D",reverse,0.203012,0.63
2pcc,"KB87A,VA197A",forward,-1.5015,-1.96
2pcc,"KB72A,VA197A",forward,-2.80098,-1.7
2pcc,"KB72A,EA290A",forward,-1.10218,-2.58
2pcc,"AB81G,DA34A",forward,0.0978018,-1.48
2pcc,"GB81A,AA34D",reverse,-0.0978018,0.4
2pcc,"AB81G,VA197A",forward,-2.10268,-2.3
2oob,"AA934S,KA935E",forward,-0.161161,0.25
2oob,"SA934A,EA935K",reverse,0.161161,-0.08
2oob,"AA937E,GA941S",forward,-3.10336,0.15
2oob,"IA955E,IA966E",forward,-0.284283,-0.38
2oob,"EA955I,EA966I",reverse,0.284283,0.43
2o3b,"QB74A,WB76A",forward,-5.75561,-2.85
2j0t,"TD2L,VD4S",forward,-3.47054,-2.7
2j0t,"TD2L,VD4S,SD68A",forward,-5.28625,-3.56
2j0t,"TD2S,VD4A",forward,-1.2502,-2.72
2j0t,"TD2S,VD4A,SD68Y",forward,-2.14725,-2.64
2j0t,"CD1S,FD12Y",forward,-4.20053,-4.02
2j0t,"VD69A,AD103V",forward,-0.701327,-0.38
2abz,"AE19C,AE43C",forward,0.553533,0.68
1mq8,"CB161L,CB299F",forward,-3.68186,0.51
1mq8,"CB161L,KB160C",forward,-0.61,-0.12
1mq8,"CB299F,TB300C",forward,-0.676638,-0.01
1mah,"YA72N,YA124Q",forward,-6.13277,-5.25
1mah,"YA124Q,WA286R",forward,-8.95945,-5.91
1mah,"YA72N,WA286R",forward,-10.7343,-7.06
1mah,"YA72N,YA124Q,WA286R",forward,-10.9261,-7.42
1lfd,"MA30K,DA58K",forward,0.201822,1.42
1lfd,"KA30M,KA58D",reverse,-0.201822,-0.89
1lfd,"MA30K,DA94K",forward,0.401455,1.2
1lfd,"KA30M,KA94D",reverse,-0.401455,-1.03
1lfd,"MA30K,DA51K,DA58K",forward,1.80224,1.41
1lfd,"DA51K,DA56K,EA57K",forward,1.20282,0.03
1lfd,"DA58K,DA94K",forward,0.701396,0.33
1rew,"DA30A,DB30A",forward,-0.668091,-0.49
1rew,"WA31A,WB31A",forward,-1.08731,-2.77
1rew,"FA49A,FB49A",forward,-1.36417,-2.65
1rew,"PA50A,PB50A",forward,-1.2945,-4.05
1rew,"HA39D,HB39D",forward,-0.195652,-1.1
1rew,"DA39H,DB39H",reverse,0.195652,0.81
1rew,"SA88A,SB88A",forward,-0.203264,-0.1
1rew,"AA88S,AB88S",reverse,0.203264,0.01
1rew,"LA100A,LB100A",forward,-0.239922,-0.01
1rew,"AA100L,AB100L",reverse,0.239922,0.08
1rew,"AA34D,AB34D",forward,0,0.06
1rew,"DA34A,DB34A",reverse,0,-0.12
1rew,"DA53A,DB53A",forward,0.0519539,-1.45
1rew,"AA53D,AB53D",reverse,-0.0519539,0.86
1rew,"EA109R,EB109R",forward,-0.268828,0.05
1rew,"RA109E,RB109E",reverse,0.268828,-0.22
1rew,"WA28F,WB28F",forward,-0.672421,-4.17
1rew,"LA51P,LB51P",forward,-5.30779,-2.34
1rew,"DA53P,DB53P",forward,-2.35592,-1.2
1rew,"SA69R,SB69R",forward,-1.66681,-1.2
1rew,"YA103A,YB103A",forward,-1.21528,-2.34
1jtg,"GA238S,DB49A",forward,-2.63522,-1.71
1jtg,"GA238S,FB142A",forward,-3.68186,-1.79
1jtg,"EA104K,DB49A",forward,-5.64044,-5.55
1jtg,"EA104K,FB142A",forward,-4.55472,-4.65
1jtg,"SA235A,DB49A",forward,-1.64111,-2.51
1jtg,"SA130A,DB49A",forward,-1.38463,-2.61
1jtg,"SA235A,SA130A,DB49A",forward,-1.09416,-2.99
1jtg,"RA243A,DB49A",forward,-1.11168,-3.77
1jtg,"KA234A,DB49A",forward,-1.55402,-3.87
1jtg,"RA243A,SA235A,DB49A",forward,-0.408048,-4.25
1jtg,"AA243R,AA235S,AB49D",reverse,0.408048,2.38
1jtg,"RA243A,SA130A,DB49A",forward,-1.25494,-4.87
1jtg,"SA235A,KA234A,DB49A",forward,-1.53483,-3.71
1jtg,"KA234A,SA130A,DB49A",forward,-1.31819,-4.51
1jtg,"RA243A,KA234A,DB49A",forward,-1.90442,-5.4
1jtg,"SA235A,SA130A",forward,-1.15273,-2.27
1jtg,"RA243A,SA235A",forward,-0.739594,-2.21
1jtg,"RA243A,SA130A",forward,-1.84969,-3.22
1jtg,"SA235A,KA234A",forward,-2.09372,-2.35
1jtg,"KA234A,SA130A",forward,-1.9796,-2.97
1jtg,"RA243A,SA235A,SA130A",forward,-1.68811,-3.42
1jtg,"SA235A,SA130A,KA234A",forward,-1.84969,-2.56
1jtg,"RA243A,KA234A",forward,-2.73007,-3.01
1jtg,"RA243A,SA235A,KA234A",forward,-2.71696,-3.33
1jtg,"KA234A,SA130A,RA243A",forward,-2.50942,-3.98
1jtg,"KB74A,FB142A",forward,-4.85237,-5.28
1jtg,"KB74A,YB143A",forward,-3.05864,-4.72
1jtg,"FB142A,YB143A",forward,-2.84315,-2.82
1jtg,"KB74A,FB142A,YB143A",forward,-3.8954,-6.96
1jtg,"KB74A,EA104A",forward,-1.57685,-3.7
1jtg,"FB142A,EA104A",forward,-2.74789,-3.63
1jtg,"YB143A,EA104A",forward,-1.86456,-2.35
1jtg,"KB74A,FB142A,EA104A",forward,-3.13024,-6.59
1jtg,"KB74A,YB143A,EA104A",forward,-1.05067,-6.58
1jtg,"FB142A,YB143A,EA104A",forward,-2.89128,-5.96
1jtg,"KB74A,YA105A",forward,-3.32234,-3.44
1jtg,"FB142A,YA105A",forward,-0.694366,-3.15
1jtg,"YB143A,YA105A",forward,-1.07544,-2.49
1jtg,"KB74A,FB142A,YA105A",forward,-4.77914,-6.97
1jtg,"KB74A,YB143A,YA105A",forward,-3.39515,-6.94
1jtg,"FB142A,YB143A,YA105A",forward,-2.9869,-5.97
1jtg,"EA104A,YA105A",forward,-1.02701,-2.82
1jtg,"KB74A,EA104A,YA105A",forward,-1.38612,-6.16
1jtg,"FB142A,EA104A,YA105A",forward,-1.505,-6.09
1jtg,"YB143A,EA104A,YA105A",forward,-2.05468,-4.86
1jtg,"DB49A,RA243A",forward,-1.09922,-3.77
1jtg,"KB74A,RA243A",forward,-6.62027,-5.71
1jtg,"FB142A,RA243A",forward,-3.39515,-5.15
1jtg,"YB143A,RA243A",forward,-2.26985,-4.81
1jtg,"KB74A,FB142A,RA243A",forward,-5.49632,-6.86
1jtg,"KB74A,YB143A,RA243A",forward,-4.37314,-6.33
1jtg,"FB142A,YB143A,RA243A",forward,-4.5428,-6.51
1jtg,"DB49A,KA234A",forward,-1.60065,-3.87
1jtg,"KB74A,KA234A",forward,-6.54809,-6.13
1jtg,"FB142A,KA234A",forward,-3.39515,-5.04
1jtg,"YB143A,KA234A",forward,-2.55666,-4.76
1jtg,"KB74A,FB142A,KA234A",forward,-5.83084,-6.77
1jtg,"KB74A,YB143A,KA234A",forward,-4.876,-6.06
1jtg,"FB142A,YB143A,KA234A",forward,-4.68193,-5.64
1jtg,"DB49A,SA130A",forward,-0.358089,-2.61
1jtg,"AB49D,AA130S",reverse,0.358089,0.79
1jtg,"KB74A,SA130A",forward,-3.17863,-4.69
1jtg,"FB142A,SA130A",forward,-2.84315,-3.06
1jtg,"YB143A,SA130A",forward,-1.79197,-2.87
1jtg,"KB74A,FB142A,SA130A",forward,-5.16186,-6.6
1jtg,"KB74A,YB143A,SA130A",forward,-3.72842,-5.79
1jtg,"FB142A,YB143A,SA130A",forward,-4.15828,-4.94
1jtg,"QA99A,HB148A",forward,-3.20142,-3.89
1jtg,"QA99A,WB150A",forward,-3.82367,-3
1jtg,"QA99A,RB160A",forward,-3.75095,-1.31
1jtg,"NA100A,HB148A",forward,-2.10299,-3.37
1jtg,"NA100A,WB150A",forward,-4.34947,-2.34
1jtg,"NA100A,RB160A",forward,-1.57685,-1.32
1jtg,"EA168A,WB162A",forward,-2.07747,-1.2
1jtg,"VA103A,WB162A",forward,-4.22942,-2.49
1jtg,"MA129A,YB53A",forward,-3.60927,-3.68
1jtg,"MA129A,YB50A",forward,-0.358089,-2.26
1jtg,"AA129M,AB50Y",reverse,0.358089,0.69
1jtg,"MA129A,FB36A",forward,-3.63132,-3.45
1jtg,"PA107A,HB41A",forward,-2.65295,-3.53
1jtg,"PA107A,YB50A",forward,0.647161,-1.98
1jtg,"PA107A,YB53A",forward,-2.38898,-2.95
1jtg,"VA216A,YB50A",forward,0.885531,-0.84
1jtg,"EA110A,SB113A,SB71A",forward,-5.04229,-0.44
1jtg,"EA110A,SB113A",forward,-4.56559,-0.61
1jtg,"EA110A,SB71A",forward,-5.01935,-1.02
1jtg,"SB71A,SB113A",forward,-0.456068,-0.16
1jtg,"AB71S,AB113S",reverse,0.456068,-0.99
1jtg,"EA104A,SB113A",forward,-1.86456,-2.22
1jtg,"QA99A,WB112A",forward,-3.53774,-3.02
1jtg,"QA99A,WB162A",forward,-2.89128,-1.29
1jtg,"QA99A,KB74A",forward,-4.10965,-5.01
1jtg,"QA99A,FB142A",forward,-2.81914,-2.52
1jtg,"QA99A,DB49A",forward,-2.19838,-2.76
1jtg,"NA100A,WB112A",forward,-2.79522,-2.19
1jtg,"NA100A,WB162A",forward,-2.10299,-1.43
1jtg,"NA100A,KB74A",forward,-3.51183,-4.36
1jtg,"NA100A,FB142A",forward,-2.2936,-1.76
1jtg,"NA100A,DB49A",forward,-1.57685,-2.19
1jtg,"VA103A,RB160A",forward,-4.34947,-2.87
1jtg,"VA103A,FB142A",forward,-4.51668,-3.4
1jtg,"EA168A,WB112A",forward,-2.79522,-2.8
1jtg,"EA168A,WB150A",forward,-4.10965,-2.87
1jtg,"EA168A,RB160A",forward,-2.31893,-1.29
1jtg,"EA168A,KB74A",forward,-4.06193,-3.51
1jtg,"EA168A,FB142A",forward,-2.58105,-2.06
1jtg,"EA168A,DB49A",forward,-1.505,-1.66
1jtg,"EA110A,YB50A",forward,-3.9671,-1.49
1jtg,"MA129A,SB113A,SB71A",forward,-1.67274,-0.68
1jtg,"VA216A,FB142A",forward,-2.19838,-1.2
1jtg,"EA104A,SB113A,SB71A",forward,-2.58105,-1.7
1jtg,"TB140K,QB157K",forward,0.396606,-0.43
1jtg,"KB140T,KB157Q",reverse,-0.396606,-0.15
1jtg,"VB165K,DB163K,NB89K",forward,2.39342,3.15
1jtg,"DB163K,DB135K,VB134K",forward,3.05517,2.25
1jtg,"EA110G,EA168G",forward,0.61,1.22
1jtg,"EA110V,EA168G",forward,0.742202,0.28
1he8,"KA223V,FA221S",forward,-2.16225,-1.07
1he8,"KA223V,RA226A",forward,-1.89784,-1.32
1he8,"KA223V,TA232D",forward,-2.16225,-2.06
1he8,"KA223V,KA234A",forward,-1.5231,-1.29
1he8,"KA223V,KA251A",forward,-2.16225,-1.91
1he8,"KA223V,KA251E",forward,-2.16225,-2.49
1he8,"KA223V,DA238A",forward,-1.0383,-2.18
1he8,"KA223V,KA254A",forward,-1.96762,-1.67
1he8,"KA223V,KA255A",forward,-2.16225,-2.25
1he8,"KA223V,KA256A",forward,-1.67586,-2.07
1he8,"KA223V,DA260A",forward,-0.944329,-1.88
1he8,"KA223V,EA267K",forward,0.0989715,-1.99
1he8,"VA223K,KA267E",reverse,-0.0989715,0.06
1he8,"KA223V,EA919A",forward,-0.454562,-1.92
1he8,"VA223K,AA919E",reverse,0.454562,0.54
1he8,"KA223V,EA919K",forward,0.458078,-2.22
1he8,"VA223K,KA919E",reverse,-0.458078,0.03
1gl1,"KI31M,AI32G",forward,0.132202,-1.76
1gl1,"MI31K,GI32A",reverse,-0.132202,-0.62
1gl0,"MI30K,LI29R",forward,-3.8373,-3.52
1dqj,"NA32A,KC96A",forward,-5.80445,-3.44
1dqj,"SA91A,RC21A",forward,-3.17215,-2.91
1dqj,"SA91A,YC20A",forward,-3.57469,-3.4
1dqj,"YA96A,RC21A",forward,-3.48676,-4.71
1dqj,"YA96A,SC100A",forward,-0.913856,-2.95
1dqj,"DB32A,KC97A",forward,-1.12289,-3.84
1dqj,"YB53A,WC62A",forward,-1.28688,-2.83
1dqj,"YB53A,WC63A",forward,-2.20022,-2.53
1dqj,"YB53A,LC75A",forward,-1.21741,-2.72
1dqj,"YB53A,DC101A",forward,-2.72834,-2.39
1dqj,"WB98A,SC100A",forward,-5.36465,-2.93
1dqj,"WB98A,KC97A",forward,-6.66307,-5.2
1dqj,"WB98A,YC20A",forward,-5.11439,-6.9
2g2u,"EB73A,YB50A",forward,2.45251,-0.85
2g2u,"YB50A,YB143A",forward,2.07572,-0.81
2g2u,"EB73A,YB143A",forward,1.8355,-0.2
2g2u,"WB112A,YB143A",forward,0.409609,-1.93
2g2u,"AB112W,AB143Y",reverse,-0.409609,0.69
2g2u,"WB150A,YB143A",forward,-0.989123,-2.08
2g2u,"EB73M,FB142W,YB143F",forward,1.10809,0.05
2g2u,"EB73M,YB143F",forward,1.59246,0.18
2g2u,"EB73M,SB130K",forward,2.80942,0.3
2g2u,"EB73M,SB130K,SB146M",forward,3.5097,0.23
1jtg,"EB73M,KB74A",forward,-4.2945,-1.7
1jtg,"EB73M,FB142A",forward,-2.53269,-1.97
1jtg,"EB73M,KB74A,FB142A",forward,-4.55626,-2.65
1jtg,"EA104A,EB73M",forward,-1.83632,-2.09
1jtg,"EA104A,EB73M,KB74A",forward,-2.0957,-1.92
1jtg,"EA104A,EB73M,FB142A",forward,-2.84554,-2.72
2g2u,"EB73M,KB74A",forward,-0.473077,-1.21
2g2u,"MB73E,AB74K",reverse,0.473077,-1.45
2g2u,"EB73M,FB142A",forward,-0.322066,-0.32
2g2u,"MB73E,AB142F",reverse,0.322066,-0.4
2g2u,"EB73M,KB74A,FB142A",forward,-1.48306,-1.6
2g2u,"DA104A,EB73M",forward,2.14725,1.13
2g2u,"DA104A,EB73M,KB74A",forward,1.55697,0.08
2g2u,"DA104A,EB73M,FB142A",forward,0.69175,0.23
1z7x,"QW430A,VW432A",forward,-0.939574,-1.75
1z7x,"WW438A,SW439A,EW440A",forward,-1.9722,-2.47
1a4y,"QA430A,VA432A",forward,-0.0722139,-0.5
1a4y,"AA430Q,AA432V",reverse,0.0722139,0.2
1a4y,"WA438A,SA439A,EA440A",forward,-1.7857,-2.41
1a4y,"YA434A,DA435A",forward,-6.82086,-5.21
1a4y,"YA434A,YA437A",forward,-6.64533,-3.01
1a4y,"RB5A,YA434A",forward,-6.97979,-4.58
1a4y,"RB5A,DA435A",forward,-6.77343,-4.47
1a4y,"RB5A,YA434A,DA435A",forward,-10.1071,-6
1a4y,"RB5A,YA434A,YA437A",forward,-8.53157,-5.04
1a4y,"KB40G,YA434F",forward,-6.66542,-3.55
1a4y,"KB40G,DA435A",forward,-4.10751,-5.48
1a4y,"KB40G,YA437A",forward,-6.4541,-3.59
1a4y,"KB40G,YA434A,DA435A",forward,-6.21389,-7.73
1a4y,"KB40G,YA434A,YA437A",forward,-9.12315,-6.79
1z7x,"YW434A,DW435A",forward,-7.17121,-6.61
1z7x,"YW434A,YW437A",forward,-7.24099,-7.56
1a22,"SB298A,SB302A",forward,0.56959,-0.06
1a22,"EB320A,KB321A",forward,0.344761,0.27
1a22,"AB320E,AB321K",reverse,-0.344761,0.35
1a22,"QB366A,KB367A,VB371A",forward,0.87223,-0.03
1a22,"RB417A,NB418A",forward,-0.902598,-1.37
1a22,"QB416A,RB417A,NB418A",forward,-1.10357,-1.58
1a22,"KB234A,KB237A",forward,-0.240219,0.03
1a22,"AB234K,AB237K",reverse,0.240219,0.2
1a22,"RB270A,RB271A,EB275A",forward,-0.953515,-1.65
1a22,"DB319A,EB320A,KB321A",forward,-0.20983,-0.19
1a22,"AB319D,AB320E,AB321K",reverse,0.20983,1.3
1a22,"DB352A,RB356A,EB358A",forward,-0.314372,0.32
1a22,"AB352D,AB356R,AB358E",reverse,0.314372,0.63
1a22,"RB361A,DB364A,KB367A",forward,0.062421,-1.73
1a22,"AB361R,AB364D,AB367K",reverse,-0.062421,0.77
1a22,"FA25A,YA42A,QA46A",forward,-0.190523,-1.62
1a22,"AA25F,AA42Y,AA46Q",reverse,0.190523,0.69
1a22,"YA42A,QA46A",forward,-0.273325,-1.44
1a22,"AA42Y,AA46Q",reverse,0.273325,0.79
1a22,"NA12H,FA25L",forward,-0.838487,-0.39
1a22,"EA56D,RA64M",forward,-2.00331,-1.5
1a22,"NA109D,VA110D,DA112H",forward,-0.346296,0.39
1a22,"DA109N,DA110V,HA112D",reverse,0.346296,-1.24
1a22,"RA127D,LA128V,EA129H",forward,-0.316418,-0.17
1a22,"DA127R,VA128L,HA129E",reverse,0.316418,-0.91
1bp3,"EA56D,RA64M",forward,-0.445517,-0.09
1bp3,"DA56E,MA64R",reverse,0.445517,0.71
1bp3,"KA168A,EA174A",forward,-5.40796,-3.64
1bp3,"RA64A,DA171A",forward,-0.378624,-1.9
1bp3,"AA64R,AA171D",reverse,0.378624,0.77
1bp3,"KA172A,FA176A",forward,-5.35487,-2.77
1a22,"KA168A,EA174A",forward,0.769763,-1.87
1a22,"RA64A,DA171A",forward,-3.32275,-2.53
1a22,"KA172A,FA176A",forward,-3.78083,-2.21
3mzg,"HA180A,HB188A",forward,0.237264,-2.15
3mzg,"AA180H,AB188H",reverse,-0.237264,1.6
1fcc,"TC44A,YC45A",forward,-1.95445,-0.9
1gc1,"QC40A,DC63A",forward,0.499247,-0.21
1gc1,"AC40Q,AC63D",reverse,-0.499247,0.38
1gc1,"QC40A,DC63A,QC89L",forward,0.848247,-0.1
1jrh,"TI19L,EI21K",forward,0.0255774,0.13
1jrh,"LI19T,KI21E",reverse,-0.0255774,-0.34
1jrh,"MI25L,II28V",forward,0.213702,-0.31
1jrh,"LI25M,VI28I",reverse,-0.213702,-0.05
1jrh,"AI59S,II61T,HI65D",forward,-0.0707072,-0.22
1jrh,"SI59A,TI61I,DI65H",reverse,0.0707072,0.23
1jrh,"VI83A,RI88K",forward,0.213702,-0.88
1jrh,"AI83V,KI88R",reverse,-0.213702,-0.09
1jrh,"AI95D,KI98R,EI100K",forward,0.0477692,-0.25
1jrh,"DI95A,RI98K,KI100E",reverse,-0.0477692,-0.27
1jrh,"AI103L,VI104M",forward,-0.633947,-0.06
1jrh,"EI55P,II57R",forward,3.44164,2.11
1jrh,"SI54G,EI55G,II57R",forward,3.37922,-0.56
1jrh,"EI55P,II57L",forward,3.45833,2.03
1jrh,"SI54G,EI55P,II57K",forward,3.88616,0.82
1dan,"WT45R,ST47G",forward,-1.48161,-3.17
1dan,"CT49S,CT57S",forward,0.325876,-1.77
1dan,"ST49C,ST57C",reverse,-0.325876,-0.95
1dan,"TT60A,FU140A",forward,-4.32509,-2.53
1dan,"TT60A,KT20A",forward,-3.05466,-2.89
1dan,"DT44A,WT45A",forward,-1.50721,-2.36
1dan,"DT44A,FU140A",forward,-3.17331,-1.77
1dan,"DT44A,KT20A",forward,-3.99623,-3.93
1dan,"DT44A,DT58A",forward,-3.85796,-3.6
1dan,"DT44A,TT60A",forward,-4.15925,-2.61
1dan,"DT44A,KT20A,FU140A",forward,-5.73514,-2.78
1vfb,"YA32A,QC121A",forward,-1.58675,-3.72
1vfb,"YA32A,IC124A",forward,-2.90702,-3.58
1vfb,"YA50A,DC18A",forward,-1.26649,-1.12
1vfb,"YA50A,DC119A",forward,-1.23197,-2.19
1vfb,"WA92A,QC121A",forward,-3.52051,-5.17
1vfb,"WA92A,IC124A",forward,-3.85206,-3.96
1vfb,"WA92A,RC125A",forward,-3.39481,-5.39
1vfb,"WA92A,LC129A",forward,-3.30884,-2.83
1vfb,"YB32A,KC116A",forward,-1.58675,-1.17
1vfb,"WB52A,DC119A",forward,-2.24838,-3.08
1vfb,"DB54A,TC118A",forward,-1.25521,-1.51
1vfb,"DB100A,SC24A",forward,-3.37126,-3.52
1vfb,"YB101F,DC119A",forward,-2.73775,-3.54
1vfb,"YB101F,VC120A",forward,-2.53961,-2.57
3hfm,"NL31A,KY96A",forward,-7.47173,-5.82
3hfm,"YL50A,RY21A",forward,-6.36932,-6.89
3hfm,"YL50F,RY21A",forward,-4.33273,-4.58
3hfm,"YL50F,YY20A",forward,-6.22645,-5.03
3hfm,"YL50A,KY96A",forward,-7.7335,-6.03
3hfm,"YL50A,KY97A",forward,-7.32284,-5.83
3hfm,"YH33A,KY97A",forward,-7.23151,-6.41
3hfm,"WH98F,YY20A",forward,-6.23181,-5.66
3hfm,"WH98A,KY96A",forward,-7.7335,-6.05
3hfm,"DH32A,KY97A",forward,-4.5945,-4.03
3hfm,"DH32N,KY97A",forward,-4.89374,-4.22
3hfm,"DH32A,KY97M",forward,-1.12395,-3.81
3hfm,"DH32N,KY97M",forward,-0.30264,-3.57
3hfm,"NH32D,MY97K",reverse,0.30264,0.16
3hfm,"YH50A,RY21A",forward,-7.94481,-6.9
3hfm,"YL96A,RY21A",forward,-5.75932,-4.17
3hfm,"YL96F,RY21A",forward,-4.18384,-3.85
1cho,"TI17K,LI18R",forward,-7.47214,-6.34
1cho,"TI17R,LI18R",forward,-7.22659,-5.79
1cho,"AI15R,LI18R",forward,-4.97717,-3.05
1cho,"AI15R,TI17K,LI18R",forward,-7.9874,-6.73
1cho,"AI15R,TI17P,LI18R",forward,-8.92,-7.52
1ppf,"AI15R,LI18R",forward,-7.3278,-2.71
1r0r,"TI17K,LI18R",forward,-5.25951,-2.17
1r0r,"TI17R,LI18R",forward,-6.50648,-2.34
1r0r,"AI15R,LI18R",forward,-7.75218,-2.06
1r0r,"AI15R,TI17K,LI18R",forward,-9.3144,-2.23
3sgb,"TI17K,LI18R",forward,-5.30728,-4.68
3sgb,"TI17R,LI18R",forward,-5.55208,-4.52
3sgb,"AI15R,LI18R",forward,-5.15642,-2.65
3sgb,"AI15R,TI17K,LI18R",forward,-6.78024,-4.49
3sgb,"AI15R,TI17P,LI18R",forward,-8.58306,-6.19
1dan,"KU201A,DU204A",forward,-0.0426676,-0.56
1dan,"AU201K,AU204D",reverse,0.0426676,0.2
1dan,"NU199A,RU200A",forward,-0.399981,-0.18
1dan,"AU199N,AU200R",reverse,0.399981,0.3
1dan,"TU197A,VU198A",forward,0.149029,-0.32
1dan,"AU197T,AU198V",reverse,-0.149029,0.16
1dan,"SU195A,RU196A",forward,-0.638566,-0.3
1dan,"EU183A,NU184A",forward,0.0935753,0.03
1dan,"AU183E,AU184N",reverse,-0.0935753,0.26
1dan,"NU173A,EU174A",forward,0.0245458,0.19
1dan,"AU173N,AU174E",reverse,-0.0245458,0.31
1dan,"KU165A,KU166A",forward,0.239738,-0.24
1dan,"AU165K,AU166K",reverse,-0.239738,0.24
1dan,"KU149A,DU150A",forward,0.101513,-0.13
1dan,"AU149K,AU150D",reverse,-0.101513,0.13
1dan,"RU136A,NU137A,NU138A",forward,-0.206581,-0.34
1dan,"AU136R,AU137N,AU138N",reverse,0.206581,0.11
1dan,"EU130A,RU131F",forward,0.0215461,-1
1dan,"AU130E,FU131R",reverse,-0.0215461,-0.35
1dan,"QU114A,EU117A",forward,-0.0336498,-0.02
1dan,"AU114Q,AU117E",reverse,0.0336498,0.24
1dan,"NU107A,QU110A",forward,-0.414491,-1.02
1dan,"AU107N,AU110Q",reverse,0.414491,0.29
1dan,"LU104A,EU105A",forward,0.462906,-0.47
1dan,"AU104L,AU105E",reverse,-0.462906,0.2
1dan,"KT68A,QT69A",forward,0.206115,-0.1
1dan,"AT68K,AT69Q",reverse,-0.206115,0.55
1dan,"KT65A,DT66A",forward,0.504232,-0.23
1dan,"DT61A,ET62A",forward,-0.30456,-0.92
1dan,"AT61D,AT62E",reverse,0.30456,0.32
1dan,"DT54A,ET56A",forward,-0.433301,-0.87
1dan,"AT54D,AT56E",reverse,0.433301,0.17
1dan,"KT46A,KT48A",forward,-1.13585,-0.29
1dan,"KT41A,DT44A",forward,-1.57143,-0.96
1cho,"EI10D,RI21M,EI43D",forward,-2.54346,-1.13
1cho,"LI18M,TI49N,KI55T",forward,-0.655363,-2.81
1cho,"NI28S,GI32A",forward,0.860902,0.15
1cho,"AI15D,GI32A",forward,0.865738,0.67
1cho,"AI15D,GI32A,NI33S",forward,0.0300332,0.1
1cho,"DI15A,AI32G,SI33N",reverse,-0.0300332,-2.05
1cho,"TI17M,LI18S,GI32V",forward,-8.98804,-6.99
1cho,"RI21V,LI23I",forward,-2.16718,-2.99
1cho,"LI18S,RI21V,LI23I",forward,-7.22472,-5.63
1cho,"LI18M,NI36D,SI51N",forward,0.482412,-1.5
1cho,"MI18L,DI36N,NI51S",reverse,-0.482412,-1.29
1cho,"AI15T,LI18M",forward,-0.923481,-2.08
1cho,"LI18M,TI30S,GI32D",forward,-3.58145,-4.62
1cho,"AI15D,LI18A,YI20D",forward,-10.9134,-7.71
1cho,"LI18M,HI52R",forward,-0.140701,-2.36
1cho,"MI18L,RI52H",reverse,0.140701,-1.27
1cho,"LI18M,HI52R,KI55E",forward,0.44069,-1.88
1cho,"MI18L,RI52H,EI55K",reverse,-0.44069,-1.25
1cho,"LI18M,SI51N",forward,-0.380623,-2.77
1cho,"MI18L,NI51S",reverse,0.380623,-1.31
1cho,"LI18M,YI20Q",forward,-3.51962,-5.31
1cho,"LI18M,GI32D",forward,-3.41984,-4.4
1cho,"AI15D,LI18A",forward,-4.82792,-2.34
1cho,"TI17P,LI18K,GI32D",forward,-9.92982,-7.47
1cho,"TI17P,LI18K",forward,-8.36607,-7.62
1cho,"AI15V,TI17S",forward,-3.6101,-2.17
1r0r,"EI10D,RI21M,EI43D",forward,-0.410656,0.57
1r0r,"DI10E,MI21R,DI43E",reverse,0.410656,0.66
1r0r,"LI18M,TI49N,KI55T",forward,0.838487,-0.9
1r0r,"NI28S,GI32A",forward,-1.25373,-0.39
1r0r,"AI15D,GI32A",forward,-5.9035,-0.61
1r0r,"AI15D,GI32A,NI33S",forward,-5.83419,-1.56
1r0r,"TI17M,LI18S,GI32V",forward,-3.01381,-1.98
1r0r,"RI21V,LI23I",forward,0.0163445,0.2
1r0r,"VI21R,II23L",reverse,-0.0163445,0.03
1r0r,"LI18S,RI21V,LI23I",forward,-1.88986,-1.15
1r0r,"LI18M,NI36D,SI51N",forward,0.30736,-0.49
1r0r,"MI18L,DI36N,NI51S",reverse,-0.30736,-0.89
1r0r,"AI15T,LI18M",forward,-0.258734,-0.11
1r0r,"TI15A,MI18L",reverse,0.258734,-0.87
1r0r,"LI18M,TI30S,GI32D",forward,-2.1459,-2.62
1r0r,"LI18I,GI32D",forward,-5.30346,-2.87
1r0r,"AI15D,LI18A,YI20D",forward,-8.94481,-6.38
1r0r,"LI18M,HI52R",forward,0.317605,-0.93
1r0r,"MI18L,RI52H",reverse,-0.317605,-0.59
1r0r,"LI18M,HI52R,KI55E",forward,0.91736,-0.68
1r0r,"LI18M,SI51N",forward,0.4973,-0.94
1r0r,"MI18L,NI51S",reverse,-0.4973,-0.74
1r0r,"LI18M,YI20Q",forward,-3.64012,-4.57
1r0r,"LI18M,GI32D",forward,-2.39326,-2.75
1r0r,"AI15D,LI18A",forward,-5.53048,-1.34
1r0r,"AI15V,TI17S",forward,-0.0947714,-0.07
1r0r,"VI15A,SI17T",reverse,0.0947714,-0.14
3sgb,"EI10D,RI21M,EI43D",forward,-0.0774537,0.16
3sgb,"DI10E,MI21R,DI43E",reverse,0.0774537,0.6
3sgb,"LI18M,TI49N,KI55T",forward,-0.277627,-1.45
3sgb,"MI18L,NI49T,TI55K",reverse,0.277627,-1.5
3sgb,"NI28S,GI32A",forward,-1.33011,-2.06
3sgb,"AI15D,GI32A",forward,-1.08106,-2.71
3sgb,"AI15D,GI32A,NI33S",forward,-2.18383,-2.8
3sgb,"TI17M,LI18S,GI32V",forward,-6.90981,-8.1
3sgb,"RI21V,LI23I",forward,-0.168781,-0.05
3sgb,"VI21R,II23L",reverse,0.168781,0.21
3sgb,"LI18S,RI21V,LI23I",forward,-4.48126,-3.43
3sgb,"LI18M,NI36D,SI51N",forward,-1.09686,-0.99
3sgb,"AI15T,LI18M",forward,-0.476378,-1.51
3sgb,"TI15A,MI18L",reverse,0.476378,-2.97
3sgb,"LI18M,TI30S,GI32D",forward,-2.32688,-3.09
3sgb,"LI18I,GI32D",forward,-5.84543,-4.72
3sgb,"AI15D,LI18A,YI20D",forward,-5.76852,-8.19
3sgb,"LI18M,HI52R",forward,-0.501037,-1.09
3sgb,"LI18M,HI52R,KI55E",forward,0.116685,-0.69
3sgb,"MI18L,RI52H,EI55K",reverse,-0.116685,-1.48
3sgb,"LI18M,SI51N",forward,-0.453734,-1.24
3sgb,"MI18L,NI51S",reverse,0.453734,-2.04
3sgb,"LI18M,YI20Q",forward,-3.77648,-2.79
3sgb,"LI18M,GI32D",forward,-2.27515,-3.13
3sgb,"AI15D,LI18A",forward,-2.61966,-3.09
3sgb,"TI17P,LI18K,GI32D",forward,-6.54306,-9.02
3sgb,"TI17P,LI18K",forward,-6.3203,-6.85
3sgb,"AI15V,TI17S",forward,-1.60769,-1.54
1ppf,"EI10D,RI21M,EI43D",forward,0.759615,0.71
1ppf,"AI15D,GI32A",forward,-1.15902,-0.34
1ppf,"RI21V,LI23I",forward,0.293084,0.03
1ppf,"VI21R,II23L",reverse,-0.293084,0.13
1ppf,"LI18M,NI36D,SI51N",forward,0.858586,0.25
1ppf,"AI15T,LI18M",forward,1.49277,-0.75
1ppf,"LI18M,TI30S,GI32D",forward,-4.17657,-1.73
1ppf,"LI18I,GI32D",forward,-2.52319,-3.55
1ppf,"AI15D,LI18A,YI20D",forward,-8.73791,-9.26
1ppf,"LI18M,HI52R",forward,-1.48174,-0.11
1ppf,"LI18M,SI51N",forward,-1.2576,-0.12
1ppf,"LI18M,YI20Q",forward,-5.83961,-3.87
1ppf,"LI18M,GI32D",forward,-3.98594,-1.73
1ppf,"AI15V,TI17S",forward,-1.76573,-2.17
4g2v,"RA221E,NA283R",forward,-2.28446,-0.47
4wnd,"RA221E,NA283R",forward,-3.85738,-1.57
3qdg,"DD26W,LE98W",forward,3.35478,2.14
3qdg,"DD26Y,LE98W",forward,3.54345,1.61
3qdj,"DD26W,LE98W",forward,2.53097,2.16
3qdj,"DD26Y,LE98W",forward,1.91396,1.57
4l3e,"YD26D,WE98L",forward,-3.54345,-3.48
4l3e,"RA65A,YE51A",forward,-3.8093,-3.83
4l3e,"RA65A,YD26A",forward,-4.44075,-4.57
4l3e,"YD26A,RA65A",forward,-4.37097,-4.57
4l3e,"YD50A,QA155A",forward,-1.09051,-1.51
4l3e,"ND52A,EA166A",forward,-1.09168,-1.16
1bd2,"EE30A,YC8A",forward,-3.96668,-3.01
1bd2,"ED94A,RA65A",forward,-3.11525,-3.98
1bd2,"DD30N,YC5A",forward,-1.477,-2.87
1bd2,"DD30N,YC5F",forward,-2.49972,-1.8
1bd2,"YE104A,YC5F",forward,-0.894865,-1.05
1bd2,"YE104A,YC5A",forward,-2.68699,-2.72
1ao7,"DD26A,EA58A",forward,-0.749596,-0.92
1ao7,"RD27A,RA170A",forward,-1.18651,-0.54
1ao7,"QD30L,LC1A",forward,-2.7627,-1.81
1ao7,"QD30V,LC1A",forward,-0.723712,-2.08
1ao7,"QD30V,YA159A",forward,-3.33028,-3.45
1ao7,"EA63Q,QD30V",forward,0.00682294,-1.83
1ao7,"QA63E,VD30Q",reverse,-0.00682294,0.12
1ao7,"EA63Q,KA66A",forward,-1.33164,-4.2
1ao7,"EA63Q,QD30V,KA66A",forward,-1.85507,-2.34
1ao7,"SD31A,YC5A",forward,-1.70949,-2.6
1ao7,"SD31A,YC5F",forward,0.0405457,-1.74
1ao7,"AD31S,FC5Y",reverse,-0.0405457,0.25
1ao7,"YD50A,QA155A",forward,-0.276136,-2.1
1ao7,"AD50Y,AA155Q",reverse,0.276136,0.13
1ao7,"ND52A,EA166A",forward,-3.14316,-4.09
1ao7,"KD68A,TA163A",forward,-0.978101,-1.66
4ftv,"KD68A,TA163A",forward,2.13046,0
1ao7,"KD68A,EA166A",forward,-3.03376,-4.91
1ao7,"TD93A,YC5A",forward,-3.03098,-2.87
1ao7,"TD98A,RA65A",forward,-2.42347,-4.41
4ftv,"DD99A,RA65A",forward,-1.40189,-3.52
1ao7,"DD99N,RA65A",forward,-3.08435,-4.68
4ftv,"EA63Q,DD99A",forward,0.00453988,-3.17
4ftv,"QA63E,AD99D",reverse,-0.00453988,0.38
4ftv,"EA63Q,KA66A",forward,-1.33164,-4.09
4ftv,"EA63Q,DD99A,KA66A",forward,-1.85507,-3.05
1ao7,"SD100A,YC5A",forward,-1.86101,-2.22
1ao7,"WD101A,AA69G",forward,-2.90546,-2.5
1ao7,"EE30A,YC8A",forward,-3.42544,-3.08
3d3v,"EE30A,YC8A",forward,-3.90093,-4.02
3d3v,"EE30A,YC8F",forward,-2.5735,-2.87
1ao7,"RE95A,YC5A",forward,-2.01908,-3.09
1ao7,"RE95A,YC5F",forward,-0.60598,-2.22
3d3v,"LE98A,YC8A",forward,-4.39034,-4.47
1ao7,"PE103A,YC5A",forward,-2.40605,-3.05
1ao7,"PE103A,QA155A",forward,-0.930361,-2.51
1ao7,"DD99A,QA72A",forward,-1.06084,-2.82
1ao7,"RE102A,YC5A",forward,-1.88594,-2.74
5e9d,"GD28E,TD91Q",forward,1.55068,-0.43
5e9d,"GD28E,VE50D",forward,1.20245,-0.54
5e9d,"GD28E,AE99Y",forward,1.31046,1.21
5e9d,"TD91Q,AE99Y",forward,1.27223,1.26
5e9d,"GD28E,TD91Q,AE99Y",forward,2.47529,0.92
1ao7,"GE100S,GE101A,RE102E",forward,3.45411,-0.95
1ao7,"AE99M,GE100S,GE101A",forward,3.54966,0.07
4ftv,"SE100G,AE101G,QE102R",forward,-3.65147,-1.73
4ftv,"ME99A,AE101G,QE102R",forward,-3.61944,-0.78
4ftv,"ME99A,QE102E",forward,-0.5062,-0.47
4jfd,"AC4G,EC1A",forward,-0.804623,-1.41
4jfd,"AC4G,GC6A",forward,-0.0770502,-1.33
4jfd,"GC4A,AC6G",reverse,0.0770502,-2.16
4jfd,"AC4G,IC7A",forward,0.0885904,-1.19
4jfd,"GC4A,AC7I",reverse,-0.0885904,0.24
4jfd,"AC4G,LC8A",forward,0.31933,-0.29
4jfd,"GC4A,AC8L",reverse,-0.31933,0.23
4jfd,"AC4G,TC9A",forward,-0.0162326,0.16
4jfd,"GC4A,AC9T",reverse,0.0162326,0.99
4jfe,"AC7I,EC1A",forward,-0.893213,-1.28
4jfe,"AC7I,GC4A",forward,-0.0885904,1.14
4jfe,"IC7A,AC4G",reverse,0.0885904,-3.14
4jfe,"AC7I,GC6A",forward,-0.165641,0.17
4jfe,"IC7A,AC6G",reverse,0.165641,-3.01
4jfe,"AC7I,LC8A",forward,0.230739,-0.42
4jfe,"IC7A,AC8L",reverse,-0.230739,-1.15
4jfe,"AC7I,TC9A",forward,-0.104823,-0.4
4jfe,"IC7A,AC9T",reverse,0.104823,0.39
3pwp,"GC2L,IC9V",forward,0.385795,-1.21
3pwp,"LC2G,VC9I",reverse,-0.385795,-2.44
1bd2,"EA63Q,KA66A",forward,-1.9615,-4.14
1ao7,"GD28I,SD100A",forward,0.383096,0.48
1k8r,"DA30K,EA31K",forward,-0.409665,0.07
1k8r,"KA30D,KA31E",reverse,0.409665,0.98
4g0n,"FB61W,NB71R",forward,0.28764,0.25
4g0n,"WB61F,RB71N",reverse,-0.28764,-0.58
4g0n,"FB61W,NB71R,VB88I",forward,-0.363235,-0.09
4g0n,"WB61F,RB71N,IB88V",reverse,0.363235,-1.63
4g0n,"NB71R,AB85K",forward,1.27939,0.11
3kud,"KB85A,FB61W",forward,-2.1678,0.39
3kud,"KB85A,VB88I",forward,-2.75891,-1.02
3kud,"KB85A,NB71R",forward,-0.766586,0.14
3kud,"KB85A,FB61W,NB71R",forward,-1.20524,0.13
4g0n,"TA35A,NB71R",forward,-2.09983,-1.26
4g0n,"TA35A,AB85K",forward,-2.5788,-0.47
4g0n,"TA35A,NB71R,AB85K",forward,-1.96762,-0.1
4g0n,"YA32C,CA118S",forward,-0.735655,-0.2
4g0n,"YA32C,CA118S,NB71R",forward,0.366751,0.36
4g0n,"CA32Y,SA118C,RB71N",reverse,-0.366751,0.31
4g0n,"YA32C,CA118S,AB85K",forward,0.64183,0.34
3kud,"KB85A,TA35A",forward,-3.04066,-1.87
3kud,"KB85A,TA35A,NB71R",forward,-1.51692,-1.52
3kud,"TA35A,NB71R",forward,-1.48936,-0.4
3kud,"KB85A,YA32C,CA118S",forward,-2.89703,-0.87
3kud,"YA32C,CA118S",forward,-0.910145,-0.33
3kud,"YA32C,CA118S,NB71R",forward,0.0359172,0.35
3kud,"CA32Y,SA118C,RB71N",reverse,-0.0359172,-0.21
1gua,"DA30E,EA31K",forward,-2.01505,-0.17
1c1y,"KA31E,EA30D",forward,2.01505,0.26
1c1y,"RB59A,NB64D",forward,-2.75253,-1.84
1c1y,"KB84A,RB89G",forward,-2.62033,-2.61
4g0n,"RB59A,NB64D",forward,-3.42121,-2.56
4g0n,"KB84A,RB89G",forward,-5.35863,-3.63
1ohz,"SB11A,TB12A",forward,-0.0797031,-0.12
1ohz,"AB11S,AB12T",reverse,0.0797031,-0.39
1ohz,"SB45A,TB46A",forward,-0.0797031,-2.06
1ohz,"AB45S,AB46T",reverse,0.0797031,0.68
1ohz,"SB11Q,SB45Q",forward,-2.18548,-0.56
1ohz,"SB11L,TB12L,SB45Q",forward,-3.0068,-0.47
2ccl,"AB45S,AB46T",forward,0.0797031,-0.06
2ccl,"SB45A,TB46A",reverse,-0.0797031,-0.09
5m2o,"VB43A,QB47A",forward,-3.3176,-2.95
5m2o,"EA84A,HA121A",forward,-2.52998,-2.53
5m2o,"NA75A,HA121A",forward,-2.28682,-2.56
5m2o,"NA75A,NA124A",forward,-2.45946,-2.27
5m2o,"NA75A,EA84A",forward,-1.02894,-1.76
5m2o,"EA84A,NA124A",forward,-1.21097,-1.66
5m2o,"HA121A,NA124A",forward,-2.33898,-2.68
3eg5,"TB164N,SB165N,HB166N",forward,-1.05358,-1.34
5xco,"DA12C,PB6A",forward,-2.40996,-0.95
5xco,"DA12C,LB7A",forward,-2.79738,-1.63
5xco,"DA12C,YB8A",forward,-2.61899,-1.56
5xco,"DA12C,IB9A",forward,-2.79738,-2.67
5xco,"DA12C,SB10A",forward,-2.46435,-0.93
5xco,"DA12C,YB11A",forward,-2.79738,-1.55
5xco,"DA12C,DB12A",forward,-2.79738,-2.31
5xco,"DA12C,PB13A",forward,-1.74758,-0.78
5xco,"DA12C,VB14A",forward,-0.859965,-0.03
5xco,"DA12G,PB6A",forward,-2.45387,-1.73
5xco,"DA12G,LB7A",forward,-2.79738,-2.85
5xco,"DA12G,YB8A",forward,-2.74151,-2
5xco,"DA12G,IB9A",forward,-2.79738,-3.49
5xco,"DA12G,SB10A",forward,-2.79143,-1.59
5xco,"DA12G,YB11A",forward,-2.79738,-2.05
5xco,"DA12G,DB12A",forward,-2.79738,-3.9
5xco,"DA12G,PB13A",forward,-2.12232,-0.84
5xco,"DA12G,VB14A",forward,-1.32282,-0.04
5ufe,"QB27R,EB35G,DB36G",forward,-0.0975201,0.13
5ufe,"RB27Q,GB35E,GB36D",reverse,0.0975201,0.48
5ufe,"GA12D,QB27R",forward,0.975104,0.14
5ufq,"DA12G,QC27R,KC59G",forward,-1.51389,-0.41
5ufq,"QC27R,KC59G",forward,-0.246358,-0.93
5ufq,"RC27Q,GC59K",reverse,0.246358,-0.25
5tar,"TA183A,KA184E",forward,-2.73091,-3.92
1kbh,"YB98W,IB52V",forward,-0.812536,-0.73
1kbh,"YB98W,LB57A",forward,-0.0962847,-0.71
1kbh,"WB98Y,AB57L",reverse,0.0962847,-1.26
1kbh,"YB98W,LB60A",forward,-0.74716,-1.33
1kbh,"YB98W,LB64A",forward,-0.785396,-1.35
1kbh,"YB98W,VB76A",forward,-1.38134,-1.25
1kbh,"YB98W,LB77A",forward,-2.98007,-0.78
1kbh,"YB98W,LB86A",forward,-2.59177,-1.29
1kbh,"YB98W,AB89G",forward,-0.69561,-0.96
1kbh,"YB98W,IB91V",forward,-0.608754,-0.85
1kbh,"YB98W,VB99A",forward,-0.410656,-0.73
1kbh,"WB98Y,AB99V",reverse,0.410656,-1.14
1kbh,"YB98W,LA9A",forward,-1.69072,-1.32
1kbh,"YB98W,LA10A",forward,-1.99134,-1.15
1kbh,"YB98W,LA16A",forward,-1.07871,-1.27
1kbh,"YB98W,LA17A",forward,-2.83926,-1.35
1kbh,"YB98W,AA22G",forward,-0.69561,-1.03
1kbh,"YB98W,LA25A",forward,-2.15875,-1.25
1kbh,"YB98W,IA28V",forward,-1.26993,-0.95
1kbh,"YB98W,LA32A",forward,-2.79424,-0.77
1kbh,"YB98W,IA34V",forward,-1.32825,-0.84
1kbh,"YB98W,VA38A",forward,-0.39297,-0.84
1kbh,"WB98Y,AA38V",reverse,0.39297,-0.52
1kbh,"YB98W,IB52V,LA10A",forward,-2.71424,-1.33
1kbh,"YB98W,IB52V,LA9A",forward,-2.59396,-1.54
1kbh,"YB98W,IB52V,IA28V",forward,-2.19413,-1.46
1kbh,"YB98W,IB52V,VA38A",forward,-1.3264,-1.07
1kbh,"YB98W,IB52V,LA16A",forward,-2.04891,-1.75
1kbh,"YB98W,IB52V,IA34V",forward,-2.12112,-1.34
1kbh,"YB98W,LB57A,LA9A",forward,-1.34648,-1.89
1kbh,"YB98W,LB57A,LA10A",forward,-1.6877,-1.67
1kbh,"YB98W,LB57A,LA16A",forward,-1.75534,-1.8
1kbh,"YB98W,LB57A,IA28V",forward,-1.68669,-1.61
1kbh,"YB98W,LB57A,VA38A",forward,-0.579349,-1.25
1kbh,"YB98W,LB57A,IA34V",forward,-1.55474,-1.63
1kbh,"YB98W,LB57A,AA22G",forward,-0.960444,-1.41
1kbh,"YB98W,LB60A,LA16A",forward,-2.64624,-2.32
1kbh,"YB98W,LB60A,LA9A",forward,-2.66785,-2.22
1kbh,"YB98W,LB60A,LA10A",forward,-2.21935,-2.36
1kbh,"YB98W,LB60A,IA28V",forward,-2.34825,-2.2
1kbh,"YB98W,LB60A,IA34V",forward,-2.36457,-2.15
1kbh,"YB98W,LB60A,AA22G",forward,-2.38358,-2.58
1kbh,"YB98W,LB64A,LA16A",forward,-2.32462,-2.3
1kbh,"YB98W,LB64A,IA28V",forward,-2.2964,-2.19
1kbh,"YB98W,LB64A,LA9A",forward,-2.62588,-2.37
1kbh,"YB98W,LB64A,LA10A",forward,-2.28546,-2.41
1kbh,"YB98W,LB64A,AA22G",forward,-2.25138,-2.43
1kbh,"YB98W,LB64A,IA34V",forward,-2.39286,-2.11
1kbh,"YB98W,VB76A,IA34V",forward,-2.83926,-2.25
1kbh,"YB98W,VB76A,IA28V",forward,-3.15193,-2.3
1kbh,"YB98W,VB76A,VA38A",forward,-1.84461,-2.43
1kbh,"YB98W,VB76A,LA16A",forward,-2.78004,-2.57
1kbh,"YB98W,VB76A,LA9A",forward,-3.43463,-2.69
1kbh,"YB98W,VB76A,LA10A",forward,-3.45029,-2.66
1kbh,"YB98W,VB76A,AA22G",forward,-2.34825,-2.56
1kbh,"YB98W,LB77A,IA28V",forward,-3.59975,-2.29
1kbh,"YB98W,LB77A,VA38A",forward,-2.89309,-2.02
1kbh,"YB98W,LB77A,LA9A",forward,-3.66057,-2.44
1kbh,"YB98W,LB77A,AA22G",forward,-3.2656,-2
1kbh,"YB98W,LB77A,IA34V",forward,-3.5583,-2.3
1kbh,"YB98W,LB77A,LA16A",forward,-3.41854,-2.29
1kbh,"YB98W,LB86A,VA38A",forward,-3.15448,-2.36
1kbh,"YB98W,LB86A,LA16A",forward,-3.78987,-2.23
1kbh,"YB98W,LB86A,LA9A",forward,-4.27289,-2.32
1kbh,"YB98W,LB86A,AA22G",forward,-4.0084,-2.51
1kbh,"YB98W,AB89G,LA9A",forward,-2.66592,-1.99
1kbh,"YB98W,AB89G,LA10A",forward,-2.53662,-1.97
1kbh,"YB98W,AB89G,LA16A",forward,-2.02655,-2.38
1kbh,"YB98W,AB89G,IA28V",forward,-2.03784,-1.84
1kbh,"YB98W,AB89G,IA34V",forward,-2.17227,-1.83
1kbh,"YB98W,AB89G,AA22G",forward,-1.60089,-1.42
1kbh,"YB98W,AB89G,VA38A",forward,-1.20751,-1.49
1kbh,"YB98W,IB91V,LA16A",forward,-1.82732,-3.01
1kbh,"YB98W,IB91V,VA38A",forward,-1.02252,-2.37
1kbh,"YB98W,IB91V,IA28V",forward,-1.97851,-3.1
1kbh,"YB98W,IB91V,LA9A",forward,-2.44005,-3.07
1kbh,"YB98W,IB91V,LA10A",forward,-2.96972,-2.93
1kbh,"YB98W,IB91V,IA34V",forward,-2.3581,-3.08
1kbh,"YB98W,IB91V,AA22G",forward,-1.35362,-2.15
1kbh,"YB98W,VB99A,VA38A",forward,-0.953515,-1.35
1kbh,"YB98W,VB99A,IA34V",forward,-1.78861,-1.97
1kbh,"YB98W,VB99A,IA28V",forward,-1.59028,-1.75
1kbh,"YB98W,VB99A,LA16A",forward,-1.55977,-2.03
1kbh,"YB98W,VB99A,LA10A",forward,-2.53178,-1.82
1kbh,"YB98W,VB99A,LA9A",forward,-2.08094,-1.82
1kbh,"YB98W,VB99A,LA17A",forward,-3.37922,-2.78
2kso,"KA23D,DB52K",forward,-0.38742,-1.68
2kso,"DA23K,KB52D",reverse,0.38742,-0.02
2kso,"KA23E,EB54K",forward,-0.64323,-1.6
2kso,"KA62D,DB63K",forward,-0.176107,-2.61
2kso,"DA62K,KB63D",reverse,0.176107,-0.21
2kso,"RA56E,HB47R",forward,0.821313,0.13
2kso,"RA56E,HB47E",forward,-0.454562,-0.8
2kso,"EA56R,EB47H",reverse,0.454562,-0.07
2wpt,"DA33A,FB86A",forward,0.164686,0.13
2wpt,"AA33D,AB86F",reverse,-0.164686,-0.13
2wpt,"SB84A,NA34A",forward,0.437255,-0.11
2wpt,"AB84S,AA34N",reverse,-0.437255,-0.14
3qib,"KA67A,EB66A",forward,-1.50705,-1.44
3qib,"YP7F,TP12S",forward,-1.21697,-0.79
1ao7,"ID28G,AD100S",reverse,-0.383096,-0.3
1ao7,"GD28I,SD100T",forward,0.899618,0.19
1ao7,"GD28L,SD100A",forward,0.508603,0.26
1ao7,"GD28L,SD100T",forward,1.02861,0.21
1ao7,"GD28M,SD100A",forward,0.804623,-0.2
1ao7,"GD28M,SD100T",forward,1.74727,0.16
1ao7,"GD28M,SD51M,SD100T",forward,2.12646,0.19
1ao7,"GD28T,SD51M,SD100T",forward,1.60439,0.05
1ao7,"GE101A,RE102Q",forward,1.56351,0.61
1ao7,"AE99M,GE100S",forward,1.04484,-0.59
1ao7,"KD103P,AE52P,RE102P",forward,1.63195,0.73
1ao7,"KD103P,RE102P",forward,1.22129,1
4gxu,"DA190E,DA225G",forward,-3.01156,-0.83
3lzf,"DA190E,DA225G",forward,-0.127443,0.27
3lzf,"EA190D,GA225D",reverse,0.127443,-0.46
1fss,"TB8V,TB9I",forward,-0.441845,-0.02
1fss,"VB8T,IB9T",reverse,0.441845,0.84
1fss,"TB8V,TB9N",forward,-0.286407,0.07
1fss,"VB8T,NB9T",reverse,0.286407,0.06
1b41,"TB8V,TB9I",forward,-0.394686,-0.62
1b41,"VB8T,IB9T",reverse,0.394686,0.17
1b41,"TB8V,TB9N",forward,-2.4278,-1.68
3g6d,"KH210T,KH215T",forward,0.133007,-0.09
3g6d,"TH210K,TH215K",reverse,-0.133007,0.24
3aaa,"KA256A,RA266A",forward,-4.79728,-0.77
4k71,"MA418V,AA420T",forward,-1.19636,-0.67
4k71,"GA505R,AA547V",forward,-1.66799,-0.86
4k71,"MA418V,AA420T,GA505R",forward,-2.77758,-1.88
4k71,"GA505E,AA547V",forward,-2.84938,-1.16
4k71,"MA418V,AA420T,AA547V",forward,-2.85419,-0.35
4k71,"MA418V,GA505E,AA547V",forward,-2.92769,-2.25
4k71,"AA420T,GA505E,AA547V",forward,-3.12904,0.01
3uii,"KA62Y,HA80W",forward,-0.0345215,0.62
3uii,"YA62K,WA80H",reverse,0.0345215,-0.12
3uih,"KA62Y,HA80W",forward,1.0724,0.62
4cvw,"LC41G,VC42D",forward,-7.74546,-5.7
4b0m,"PM103S,PM104A",forward,-2.07255,-2.09
4b0m,"YM12G,YM40A",forward,-2.20475,-2.98
4b0m,"TA7G,MA8A",forward,-0.441657,-0.87
4b0m,"GA7T,AA8M",reverse,0.441657,-0.08
3l5x,"NL92D,EL93W,YL94G",forward,1.68328,0.42
3l5x,"NL92E,EL93W,YL94G",forward,1.55107,0.76
3l5x,"NL92D,EL93P,YL94G",forward,1.47062,0.34
3l5x,"NL92S,EL93W,YL94G",forward,1.27262,0.35
3l5x,"NL92E,EL93S,YL94G",forward,1.26593,0.08
3l5x,"NL92S,EL93H,YL94G",forward,1.24628,0.42
3l5x,"NL92F,EL93W,YL94G",forward,1.23354,0.6
3l5x,"NL92D,EL93W,YL94E",forward,1.19688,1.11
3l5x,"NL92S,EL93Y,YL94G",forward,0.964619,0.31
3l5x,"NL92V,EL93W,YL94G",forward,0.835628,0.49
3l5x,"NL92L,EL93M,YL94G",forward,0.826046,-1.52
3l5x,"NL92D,EL93Y,YL94A",forward,0.807336,0.43
3l5x,"NL92S,EL93I,YL94G",forward,0.807336,-0.61
3l5x,"EL93H,YL94G",forward,0.762992,0.7
3l5x,"NL92D,EL93W,YL94S",forward,0.716447,0.46
3l5x,"NL92L,EL93N,YL94G",forward,0.695748,-1.73
3l5x,"NL92L,EL93D,YL94S",forward,0.680685,-1.89
3l5x,"NL92L,EL93L,YL94G",forward,0.62625,-1.79
3l5x,"NL92D,EL93N,YL94S",forward,0.534278,-0.09
3l5x,"NL92D,EL93R,YL94D",forward,0.522773,-0.18
3l5x,"NL92S,EL93V,YL94G",forward,0.517104,-1.32
3l5x,"NL92V,EL93G,YL94G",forward,0.463207,-1.95
3l5x,"VL92N,GL93E,GL94Y",reverse,-0.463207,0.29
3l5x,"HL91P,NL92L,YL94A",forward,0.444612,-3.69
3l5x,"PL91H,LL92N,AL94Y",reverse,-0.444612,0.29
3l5x,"NL92D,EL93L,YL94G",forward,0.429821,0.49
3l5x,"DL92N,LL93E,GL94Y",reverse,-0.429821,-0.11
3l5x,"EL93F,YL94G",forward,0.4282,0.76
3l5x,"FL93E,GL94Y",reverse,-0.4282,1.16
3l5x,"NL92S,EL93W,YL94A",forward,0.303164,0.52
3l5x,"SL92N,WL93E,AL94Y",reverse,-0.303164,0.33
3l5x,"NL92S,EL93S,YL94G",forward,0.249324,-1.87
3l5x,"SL92N,SL93E,GL94Y",reverse,-0.249324,0.04
4uyp,"SD15I,ID16N",forward,0.255218,0
4uyp,"ID15S,ND16I",reverse,-0.255218,0.6
4uyp,"ID51S,ID16N",forward,-1.97417,-1.46
4uyp,"ND52I,SD15I",forward,-3.8373,-1.05
4uyq,"SB51I,IB52N",forward,0.0439054,-0.08
4uyq,"IB51S,NB52I",reverse,-0.0439054,0.25
4uyq,"IB15S,IB52N",forward,-2.18548,-1.73
4uyq,"NB16I,SB51I",forward,-4.04861,-0.9
1cho,"KI13T,PI14E,AI15Y",forward,0.94223,2.13
1cho,"KI13S,PI14D,AI15Y",forward,1.03328,2.19
1ppf,"KI13T,PI14E,AI15Y",forward,0.755991,1.21
1ppf,"KI13S,PI14D,AI15Y",forward,0.124977,0.81
1ppf,"SI13K,DI14P,YI15A",reverse,-0.124977,-0.06
1r0r,"KI13T,PI14E,AI15Y",forward,0.872752,2.23
1r0r,"KI13S,PI14D,AI15Y",forward,1.92986,2.39
3sgb,"KI13T,PI14E,AI15Y",forward,3.8579,4.16
3sgb,"KI13S,PI14D,AI15Y",forward,4.13771,4.16
4jpk,"DA159N,DA33N",forward,-0.619245,-0.85
2vn5,"SB47A,TB48F",forward,-0.25581,-0.32
2vn5,"AB47S,FB48T",reverse,0.25581,-0.23
2vn5,"SB47A,TB48F,TA45A",forward,-0.303823,-0.93
2vn5,"AB47S,FB48T,AA45T",reverse,0.303823,0.26
2vn5,"SB47A,TB48F,NA47A",forward,-1.18658,-1.58
2vn5,"SB47A,TB48F,YA49A",forward,-1.25592,-2.24
2vn5,"SB47A,TB48F,SA76A",forward,0.0879791,-0.2
2vn5,"AB47S,FB48T,AA76S",reverse,-0.0879791,0.1
2vn5,"SB47A,TB48F,SA85A",forward,0,-0.48
2vn5,"AB47S,FB48T,AA85S",reverse,0,0.07
2vn5,"SB47A,TB48F,LA87A",forward,-3.15073,-2.36
2vn5,"SB47A,TB48F,LA89A",forward,-2.84615,-1.54
2vn5,"SB47A,TB48F,NA91A",forward,-0.592826,-0.1
2vn5,"SB47A,TB48F,IA93A",forward,-0.919372,-0.53
2vn5,"SB47A,TB48F,MA135G",forward,-1.54634,-1.02
2vn5,"SB47A,TB48F,KA137G",forward,-0.5062,-0.17
2vn5,"AB16S,LB17T",forward,-1.27619,0.52
2vn5,"SB47Q,TB48Q",forward,-0.939122,-0.06
1bj1,"HH101Y,YH103R,SH105T",forward,1.17365,-0.16
1bj1,"HH101Y,SH105T",forward,1.34409,0.73
1bj1,"HH101Y,YH103W,SH105T",forward,1.04145,0.6
1bj1,"TH28D,NH31H",forward,0.693211,0.06
1bj1,"LH72V,TH74V",forward,-0.67096,0.06
1bj1,"LH72I,TH74K",forward,-0.0765517,-0.05
1bj1,"IH72L,KH74T",reverse,0.0765517,0.13
1cz8,"LL4M,DH28T,HH31N",forward,-0.451531,-1.49
1cz8,"ML4L,TH28D,NH31H",reverse,0.451531,-0.26
1cz8,"LL4M,YH101H,TH105S",forward,-1.10241,-1.4
1cz8,"LL4M,YH54W",forward,-0.59158,0.3
1mhp,"TH50V,SL28Q,NL52Y",forward,1.02399,0.09
1mhp,"TH50V,KH64E",forward,0.361201,-0.88
1mhp,"VH50T,EH64K",reverse,-0.361201,0.6
1mhp,"LH60D,KH64Q",forward,-0.0430086,-0.2
1mhp,"DH60L,QH64K",reverse,0.0430086,0.27
1mhp,"LH60D,KH64E",forward,0.141864,-0.21
1mhp,"DH60L,EH64K",reverse,-0.141864,0.15
1mhp,"KH64E,SL28Q,NL52Y",forward,0.953515,-0.05
1mhp,"SL91R,NL30E",forward,-2.72834,-0.91
1mhp,"WL90Q,FL33Y",forward,-0.871409,-2.03
1mhp,"TH50V,SH35V",forward,-2.72834,-1.29
1mhp,"TH50V,SH35A",forward,-2.07677,-1.27
1mhp,"SH35A,GH102S",forward,-1.57339,-2.45
1mhp,"SH35V,GH102S",forward,-1.42631,-1.15
1mhp,"TH50V,GH102S",forward,-1.6682,-0.86
1mhp,"NL30Y,SL91I",forward,-0.434563,-0.89
1mhp,"YL30N,IL91S",reverse,0.434563,0.46
1mhp,"TH33E,GH53Q",forward,-1.6682,-1.17
1mhp,"TH50V,SL28Q",forward,0.694995,-0.16
1mhp,"KH64E,SL28Q",forward,0.85723,0.08
2b2x,"EH64K,QL28S,YL52N",forward,-0.780365,0.4
2b2x,"VH50T,QL28S,YL52N",forward,-0.888382,0
2b2x,"VH50T,EH64K,YL52N",forward,-0.37727,0.5
2b2x,"TH50V,KH64E,NL52Y",reverse,0.37727,-0.48
2b2x,"VH50T,EH64K,QL28S",forward,-0.940385,0.57
2b2x,"QL28S,YL52N",forward,-0.68248,-0.2
2b2x,"EH64K,YL52N",forward,-0.348686,0.51
2b2x,"KH64E,NL52Y",reverse,0.348686,-0.19
2b2x,"VH50T,YL52N",forward,-0.186451,-0.09
2b2x,"TH50V,NL52Y",reverse,0.186451,0.05
1mlc,"NA32G,NA92A",forward,0.686961,-0.02
1mlc,"SB57V,TB58D",forward,0.988171,-0.13
1mlc,"NA92A,SB57V,TB58D",forward,2.39526,-0.07
1yy9,"TC31E,NC93A",forward,0.8189,-0.1
1yy9,"SC26D,TC31E,NC93A",forward,1.33354,0.54
1n8z,"NA30S,HA91F,YA92W",forward,0.0719005,-0.3
1n8z,"SA30N,FA91H,WA92Y",reverse,-0.0719005,-1.65
2ny7,"CG109I,CG428Q,MG433A",forward,-0.203283,-1.08
2ny7,"IG109C,QG428C,AG433M",reverse,0.203283,1.17
2ny7,"CG109I,CG428Q",forward,-0.199808,-1.27
2ny7,"IG109C,QG428C",reverse,0.199808,0.79
2ny7,"GG431C,MG433A",forward,0.378967,0.05
2ny7,"CG431G,AG433M",reverse,-0.378967,0.27
3idx,"CG109I,CG428Q,MG433A",forward,2.17459,-1.1
3idx,"CG109I,CG428Q",forward,2.46614,-1.58
3idx,"TG123C,GG431C,MG433A",forward,-0.409638,0.89
3idx,"CG123T,CG431G,AG433M",reverse,0.409638,0.36
2nyy,"VD37I,ED6Q",forward,0.0493996,-0.54
2nyy,"ID37V,QD6E",reverse,-0.0493996,-0.75
2nz9,"SD30K,DD31Y,HD32D",forward,0.0499681,0
2nz9,"KD30S,YD31D,DD32H",reverse,-0.0499681,0.04
3mzw,"NB6E,NB23T",forward,-0.384321,0.2
3mzw,"EB6N,TB23N",reverse,0.384321,-0.59
3mzw,"NB6A,NB23T",forward,-0.342483,0.39
3mzw,"AB6N,TB23N",reverse,0.342483,0.57
3mzw,"NB23T,AB54S",forward,-0.0949953,0.25
3mzw,"TB23N,SB54A",reverse,0.0949953,0.13
3mzw,"NB23T,SB33A",forward,0.215004,-0.01
3mzw,"TB23N,AB33S",reverse,-0.215004,0.22
3mzw,"NB23T,SB33K",forward,0.215004,0.38
3mzw,"TB23N,KB33S",reverse,-0.215004,0
3mzw,"NB23T,DB36A",forward,-0.708122,-0.5
3mzw,"NB23T,DB36K",forward,-1.21895,0.41
3mzw,"NB23T,DB37E",forward,-0.213883,-0.02
3mzw,"TB23N,EB37D",reverse,0.213883,0.04
3mzw,"NB23T,EB47A",forward,0.33802,0.2
3mzw,"TB23N,AB47E",reverse,-0.33802,-0.55
3mzw,"NB23T,LB51T",forward,0.179087,0.27
3mzw,"TB23N,TB51L",reverse,-0.179087,0.14
3mzw,"NB23T,LB51Y",forward,0.0263355,0.34
3mzw,"TB23N,YB51L",reverse,-0.0263355,0.11
3mzw,"NB23T,NB43E,AB54S",forward,-0.137331,0.33
3mzw,"TB23N,EB43N,SB54A",reverse,0.137331,-0.1
3ngb,"CH32S,CH98A",forward,-0.259114,-1.6
3ngb,"SH32C,AH98C",reverse,0.259114,1.5
3se3,"YB57A,NB58E,SB61Q",forward,-1.85763,-2.32
3se3,"YB57H,NB58A,SB61Q",forward,-1.3836,-3.07
3se3,"YB57H,NB58E,SB61A",forward,-1.76487,-2.92
3se3,"YB57H,NB58E,SB61Q",forward,-0.190819,-3.01
3se3,"HB57Y,EB58N,QB61S",reverse,0.190819,-0.87
3s9d,"AA57H,AA58E,AA61Q",forward,0.0174263,0.75
3s9d,"HA57A,EA58A,QA61A",reverse,-0.0174263,-0.38
3se3,"YB57A,NB58A,SB61A",forward,-0.173393,-2.33
3se3,"AB57Y,AB58N,AB61S",reverse,0.173393,0.6
3s9d,"AA57Y,AA58N,AA61S",forward,0.190819,0.29
3s9d,"YA57A,NA58A,SA61A",reverse,-0.190819,-0.08
3se3,"YB57H,NB58E,SB61Q",forward,-2.45773,-3.01
3se3,"YB57M,NB58D,SB61L",forward,-0.713296,-2.08
3se3,"YB57A,NB58A,SB61A",forward,-0.769763,-2.33
3s9d,"RA149A,EB77A",forward,-3.60247,-3.63
3se4,"KB152A,EC77A",forward,-1.90227,-2.85
3se4,"KB152R,EC77A",forward,-1.40148,-1.63
3s9d,"TB44A,LA15A",forward,-3.57856,-3.52
3s9d,"TB44A,LA26A",forward,-3.39481,-3.3
3s9d,"TB44A,FA27A",forward,-3.02143,-1.75
3s9d,"TB44A,LA30A",forward,-5.96137,-4.44
3s9d,"TB44A,RA144A",forward,-4.04824,-2.96
3s9d,"TB44A,AA145G",forward,-4.35139,-2.55
3s9d,"TB44A,MA148A",forward,-4.46399,-4.02
3s9d,"TB44A,RA149A",forward,-5.26861,-3.25
3s9d,"TB44A,SA152A",forward,-3.06326,-2.41
3s9d,"TB44A,LA153A",forward,-3.31239,-2.87
3s9d,"IB45A,RA144A",forward,-4.27119,-3.99
3s9d,"IB45A,AA145G",forward,-4.47403,-3.03
3s9d,"IB45A,MA148A",forward,-4.23505,-4.29
3s9d,"IB45A,RA149A",forward,-5.00176,-3.35
3s9d,"IB45A,SA152A",forward,-3.0068,-2.72
3s9d,"IB45A,LA153A",forward,-3.56139,-2.72
3s9d,"WB100A,RA12A",forward,-2.34092,-2.87
3s9d,"WB100A,LA15A",forward,-3.07658,-3.7
3s9d,"WB100A,MA148A",forward,-3.84634,-4.35
3s9d,"WB100A,SA152A",forward,-2.75158,-2.72
3s9d,"WB100A,LA153A",forward,-2.94438,-3.45
3s9d,"IB103A,LA15A",forward,-3.74047,-2.67
3s9d,"IB103A,LA26A",forward,-3.0357,-2.82
3s9d,"IB103A,FA27A",forward,-2.81627,-1.99
3s9d,"IB103A,LA30A",forward,-5.44953,-4.28
3s9d,"IB103A,RA144A",forward,-3.52547,-3.49
3s9d,"IB103A,MA148A",forward,-4.03534,-2.94
3s9d,"IB103A,RA149A",forward,-4.90847,-3.88
3s9d,"IB103A,SA152A",forward,-3.25681,-2.38
3s9d,"IB103A,LA153A",forward,-3.34675,-2.59
3s9d,"DB104A,LA26A",forward,-2.94438,-2.39
3s9d,"DB104A,FA27A",forward,-2.38483,-1.41
3s9d,"DB104A,RA144A",forward,-3.6723,-2.38
3s9d,"DB104A,SA152A",forward,-2.67894,-1.5
3s9d,"DB104A,LA153A",forward,-3.02143,-2.28
3s9d,"MB46V,LA15A",forward,-4.42743,-3.62
3s9d,"MB46V,LA26A",forward,-4.31672,-3.29
3s9d,"MB46V,LA30A",forward,-7.11394,-3.62
3s9d,"MB46V,RA144A",forward,-3.70509,-3.89
3s9d,"MB46V,AA145G",forward,-5.3003,-2.04
3s9d,"MB46V,MA148A",forward,-5.45668,-3.3
3s9d,"MB46V,RA149A",forward,-6.06668,-3.91
3s9d,"MB46V,SA152A",forward,-4.08054,-2.33
3s9d,"MB46V,LA153A",forward,-4.5332,-3.26
3s9d,"EB77A,LA15A",forward,-4.09251,-3.29
3s9d,"EB77A,LA30A",forward,-6.05816,-3.54
3s9d,"EB77A,RA144A",forward,-4.65861,-3.5
3s9d,"EB77A,AA145G",forward,-5.04127,-2.62
3s9d,"EB77A,MA148A",forward,-4.98097,-3.45
3s9d,"EB77A,RA149A",forward,-3.63246,-3.6
3s9d,"EB77A,SA152A",forward,-3.5437,-2.34
3s9d,"EB77A,LA153A",forward,-3.76979,-2.45
3s9d,"HB76A,RA12A",forward,-2.21439,-0.82
3s9d,"HB76A,LA15A",forward,-4.01678,-3.05
3s9d,"HB76A,LA26A",forward,-3.05649,-2.49
3s9d,"HB76A,RA149A",forward,-3.84634,-3.05
3s9d,"HB76A,SA152A",forward,-1.13568,-1.19
3s9d,"HB76A,LA153A",forward,-2.93942,-1.48
1e50,"DA110A,EA111A",forward,-0.391041,-0.68
1e50,"AA110D,AA111E",reverse,0.391041,0.48
1jtg,"EB73A,YB50A",forward,1.49637,-2.2
1c4z,"SA739P,NA741P",forward,0.0757351,0.06
1c4z,"PA739S,PA741N",reverse,-0.0757351,0.19
3vr6,"RG165A,RG166A",forward,-1.40009,-2.12
3vr6,"RA475A,RB475A,RC475A",forward,0.278455,-0.81
3vr6,"AA475R,AB475R,AC475R",reverse,-0.278455,1.3
3vr6,"VD388A,VE388A,VF388A",forward,-0.698296,-2.05
3vr6,"LD389A,LE389A,LF389A",forward,-1.13677,-3.45
3vr6,"RD350E,RE350E,RF350E",forward,-0.28764,-0.66
3vr6,"ED350R,EE350R,EF350R",reverse,0.28764,-0.91
3vr6,"RD350K,RE350K,RF350K",forward,-1.21316,-0.83
2dvw,"RB338A,RB342A",forward,-2.15338,-2.72
2dvw,"RB338A,RB339A,RB342A",forward,-2.79015,-2.8
2dvw,"EB356A,EB357A",forward,-0.038346,-2.99
2dvw,"AB356E,AB357E",reverse,0.038346,0.27
2dvw,"DA39A,DA71A",forward,-0.191622,-0.54
2dvw,"AA39D,AA71D",reverse,0.191622,0.34
2dvw,"RA41A,KA116A",forward,-2.3626,-3.47
1kne,"AA25F,TP6K",forward,0.0359172,1.66
1kne,"FA25A,KP6T",reverse,-0.0359172,-0.14
1kne,"AA25F,TP6I",forward,-0.589743,0.65
1kne,"AA25F,TP6F",forward,-0.803626,0.75
1kne,"AA25F,TP6L",forward,-0.39297,0.63
1kne,"FA25A,LP6T",reverse,0.39297,-0.35
1kne,"AA25K,TP6K",forward,-1.59972,0.85
1kne,"AA25K,TP6I",forward,-1.39803,0.46
1kne,"AA25K,TP6F",forward,-1.46928,0.58
1kne,"AA25K,TP6L",forward,-1.83445,0.51
1kne,"AA25L,TP6K",forward,0.158934,0.69
1kne,"LA25A,KP6T",reverse,-0.158934,-0.36
1kne,"AA25L,TP6I",forward,-0.0658958,0.54
1kne,"LA25A,IP6T",reverse,0.0658958,0.08
1kne,"AA25L,TP6F",forward,-0.251723,0.55
1kne,"LA25A,FP6T",reverse,0.251723,0.21
1kne,"AA25L,TP6L",forward,-0.251723,0.54
1kne,"LA25A,LP6T",reverse,0.251723,0.01
1kne,"AA25T,TP6K",forward,0.314372,0.68
1kne,"TA25A,KP6T",reverse,-0.314372,-1.86
1kne,"AA25T,TP6I",forward,-0.602485,0.52
1kne,"AA25T,TP6F",forward,-0.785396,0.54
1kne,"AA25T,TP6L",forward,-0.563408,0.53
1kne,"DA62F,TP6K",forward,0.206355,1.98
1kne,"FA62D,KP6T",reverse,-0.206355,-0.05
1kne,"DA62F,TP6I",forward,-0.204301,0.82
1kne,"FA62D,IP6T",reverse,0.204301,-0.32
1kne,"DA62F,TP6F",forward,0.158934,1.24
1kne,"FA62D,FP6T",reverse,-0.158934,-0.45
1kne,"DA62F,TP6L",forward,-0.295628,0.82
1kne,"FA62D,LP6T",reverse,0.295628,-0.39
1kne,"DA62I,TP6K",forward,-0.589743,0.97
1kne,"DA62I,TP6I",forward,-0.614958,-0.08
1kne,"DA62I,TP6F",forward,-1.0954,0.33
1kne,"DA62I,TP6L",forward,-0.576722,0
1kne,"DA62K,TP6K",forward,-0.336503,0.83
1kne,"KA62D,KP6T",reverse,0.336503,-0.61
1kne,"DA62K,TP6I",forward,0,0.01
1kne,"KA62D,IP6T",reverse,0,0.2
1kne,"DA62K,TP6F",forward,0.0359172,0.39
1kne,"KA62D,FP6T",reverse,-0.0359172,-0.18
1kne,"DA62K,TP6L",forward,0.314372,0.03
1kne,"KA62D,LP6T",reverse,-0.314372,0.37
1kne,"DA62T,TP6K",forward,-0.727075,0.17
1kne,"DA62T,TP6I",forward,-0.887209,-0.64
1kne,"DA62T,TP6F",forward,-1.24062,-0.31
1kne,"DA62T,TP6L",forward,-0.251723,-0.77
1kne,"TA62D,LP6T",reverse,0.251723,0.72
1kne,"KA46A,AA25K",forward,0.257905,-0.09
1kne,"AA46K,KA25A",reverse,-0.257905,0.07
4e6k,"EA81A,EB81A",forward,-2.58481,-0.7
4e6k,"LA68A,LB68A",forward,-2.6699,-2.19
4e6k,"EA85A,EB85A",forward,-3.07257,-0.84
1wqj,"RI36A,RI37A",forward,-1.02851,0.34
4gnk,"DA296A,PA298D",forward,-0.121331,0.06
4gnk,"AA296D,DA298P",reverse,0.121331,0.08
4gnk,"KA311A,LB876A",forward,1.55284,0.59
4gnk,"LB876A,DA296A,PA298D",forward,1.72328,0.68
4gu0,"LE20A,TE22A,RE26A",forward,-0.916397,-2.38
4j2l,"VA591A,SA602D",forward,-2.26668,-0.27
4j2l,"VA591A,LA686E",forward,-0.436846,-2.79
4j2l,"AA591V,EA686L",reverse,0.436846,-0.04
4j2l,"SA602D,LA686E",forward,-0.697008,-2.04
4jeu,"LB165A,EB166A",forward,-1.19373,-1.18
4krl,"DA355T,FA357A",forward,-1.85326,-1.84
4kro,"DA355T,FA357A",forward,-0.127028,0.21
4kro,"TA355D,AA357F",reverse,0.127028,0.37
4krp,"DA355T,FA357A",forward,-0.358457,0.39
4krp,"TA355D,AA357F",reverse,0.358457,0.26
4ofy,"QA54A,FA60A",forward,-4.14071,-3.46
2c5d,"GC32S,DC87G",forward,0.529544,-0.05
2c5d,"GC32S,VC92A",forward,0.846996,-0.05
2c5d,"GC32S,GC127R",forward,-0.0348602,-0.52
2c5d,"SC32G,RC127G",reverse,0.0348602,-0.35
2c5d,"DC87G,GC127R",forward,0.561089,0.2
2c5d,"VC92A,GC127R",forward,0.656286,-0.39
2c5d,"DC87G,VC92A",forward,1.04037,0.08
2c5d,"DC87G,VC92A,GC127R",forward,0.869932,0
2c5d,"GC32S,VC92A,GC127R",forward,0.796697,-0.34
2c5d,"GC32S,DC87G,GC127R",forward,0.551904,-0.03
2c5d,"GC32S,DC87G,VC92R",forward,1.23557,0.28
2c5d,"EC59R,TC77R",forward,-6.11351,-2.91
4ra0,"GC87D,AC92V,RC127G",forward,-1.58203,-0.39
4ra0,"SC32G,AC92V,RC127G",forward,-0.979278,0.15
4ra0,"SC32G,GC87D,AC92V",forward,-1.46483,-0.29
4ra0,"AC92V,RC127G",forward,-0.953515,0.08
4ra0,"GC87D,AC92V",forward,-1.51792,-0.07
4ra0,"SC32G,AC92V",forward,-0.92197,0.23
2c5d,"TA304D,TB304D",forward,-0.725028,-0.05
2c5d,"RA310E,RB310E",forward,-1.71241,-1.35
2c5d,"KA312E,KB312E",forward,-1.94822,-0.75
2c5d,"AA404V,AB404V",forward,-0.758892,0.17
2c5d,"FA485A,FB485A",forward,-0.199344,-0.93
2c5d,"AA485F,AB485F",reverse,0.199344,1.24
2c5d,"QC54R,QD54R",forward,-0.0913269,0.08
2c5d,"RC54Q,RD54Q",reverse,0.0913269,0.5
2c5d,"EC56R,ED56R",forward,-0.30264,-0.51
2c5d,"RC56E,RD56E",reverse,0.30264,-0.5
2c5d,"EC59R,ED59R",forward,-1.65484,-1.67
2c5d,"TC77R,TD77R",forward,-2.33902,-3.19
2c5d,"QC122R,QD122R",forward,-0.30264,-0.23
2c5d,"RC122Q,RD122Q",reverse,0.30264,-0.09
2c5d,"LC131E,LD131E",forward,-0.240219,-2.53
2c5d,"EC131L,ED131L",reverse,0.240219,-1.41
2c5d,"KC204E,KD204E",forward,-0.742202,-0.06
2c5d,"TC208E,TD208E",forward,-0.742202,0.09
2c5d,"FA487A,FB487A",forward,-1.06153,-0.86
2c5d,"WA526F,WB526F",forward,-0.982421,-0.97
2c5d,"LA620A,LB620A",forward,-2.03447,-0.83
2c5d,"YA660A,YB660A",forward,-0.982421,-0.3
4x4m,"KE173A,HE174A,RE175A",forward,-1.78814,-1.37
4y61,"FB247A,HB250A",forward,-0.289174,-1.42
4y61,"AB247F,AB250H",reverse,0.289174,1.69
4yfd,"EA234Q,RA236E,EA237Q",forward,-0.172612,-1.01
4yfd,"QA234E,EA236R,QA237E",reverse,0.172612,0.16
4yh7,"EA234Q,RA236E,EA237Q",forward,-0.038236,-0.87
4yh7,"QA234E,EA236R,QA237E",reverse,0.038236,0.3
5c6t,"NA293A,DA295A",forward,-0.586764,-0.87
5c6t,"YA280A,NA293A,DA295A",forward,-2.94374,-2.77
5cyk,"EB486R,EB481D",forward,2.31531,-0.32
5cyk,"EB486R,TB484Q",forward,2.61795,-0.22
5cyk,"EB486R,VB488W",forward,2.11597,1.84
4rs1,"RB65A,EB66A,HB70A",forward,0.546588,-0.68
4rs1,"LB167A,TB168A,SB169A",forward,0.215934,-0.61
4rs1,"AB167L,AB168T,AB169S",reverse,-0.215934,0.34
4rs1,"YB224A,YB229A",forward,-0.720931,-0.7
4rs1,"LA115A,FA119A",forward,-4.1229,-2.75
4rs1,"EA45K,DA48K",forward,-4.1229,-2.92
4rs1,"EA45K,DA112K",forward,-4.1229,-3.11
4rs1,"DA48K,DA112K",forward,-4.1229,-3.4
4nkq,"LB167A,TB168A,SB169A",forward,-0.110028,0.02
4nkq,"AB167L,AB168T,AB169S",reverse,0.110028,0.25
4nkq,"RB170A,NB171A,YB172A",forward,0.331545,0.06
4nkq,"AB170R,AB171N,AB172Y",reverse,-0.331545,0.25
4nkq,"DB192A,TB193A,KB194A",forward,-0.353585,-0.42
4nkq,"AB192D,AB193T,AB194K",reverse,0.353585,0.18
4nkq,"KB195A,IB196A,EB197A",forward,0.701327,-0.27
4nkq,"YB224A,YB229A",forward,0.627174,0.1
4nkq,"RB170D,KB195D",forward,-1.31372,0.13
4nkq,"DC112K,RB170D",forward,-0.176453,-0.43
4nkq,"KC112D,DB170R",reverse,0.176453,0.11
4nkq,"DC112K,DB192R",forward,-0.815236,-0.43
4nkq,"DC112K,KB195D",forward,0.501983,0.01
4nkq,"DC112K,RB170D,KB195D",forward,-0.535559,-0.2
4nkq,"DB281A,VB282A",forward,-1.90703,-0.83
4nkq,"DB281Q,VB282Q",forward,-1.95809,-0.5
4nkq,"IB284A,LB285A",forward,-0.240219,-0.17
4nkq,"AB284I,AB285L",reverse,0.240219,0.3
4nkq,"IB284Q,LB285Q",forward,-1.06153,-0.09
1lfd,"NA29A,QB225A",forward,-0.301782,-1.87
1lfd,"AA29N,AB225Q",reverse,0.301782,0.62
1lfd,"KA32A,QB225A",forward,-2.50127,-2.8
1lfd,"DA51A,DB233A",forward,-0.200323,-1.58
1lfd,"AA51D,AB233D",reverse,0.200323,1.05
1lfd,"HA53A,DB233A",forward,-2.20155,-2.58
1lfd,"NA29A,SB239A",forward,0,-0.73
1lfd,"AA29N,AB239S",reverse,0,0.81
1lfd,"YA31F,SB239A",forward,-0.800814,-1.18
1lfd,"KA48A,SB239A",forward,0.0996734,-0.17
1lfd,"AA48K,AB239S",reverse,-0.0996734,0.28
1lfd,"HA53A,SB239A",forward,-0.501125,-1.19
1lfd,"NA29A,YB240F",forward,-2.30117,-2.46
1lfd,"YA31F,YB240F",forward,-2.60169,-2.37
1lfd,"SA33A,YB240F",forward,-1.79918,-1.89
1lfd,"NA27A,RB241A",forward,-1.60066,-1.33
1lfd,"NA29A,RB241A",forward,-1.40074,-2.47
1lfd,"YA31F,RB241A",forward,-1.79918,-2.06
1lfd,"HA53A,VB229A",forward,-1.91962,-1.66
1lfd,"RA20A,EB237A",forward,-2.01668,-2.71
1lfd,"NA27A,EB237A",forward,-1.91962,-2.3
1lfd,"YA31F,EB237A",forward,-1.24708,-2.79
1lfd,"YA31A,EB237A",forward,-3.45853,-3.37
1lfd,"SA33A,EB237A",forward,-2.2083,-2.38
1lfd,"YA31A,DB238A",forward,-4.70808,-6.01
1lfd,"SA33A,DB238A",forward,-3.17,-2.85
1lfd,"KA52A,DB238A",forward,-5.86242,-3.91
1lfd,"YA31A,SB239A",forward,-3.93849,-2.55
1lfd,"KA48A,EB263A",forward,-0.285754,-0.31
1lfd,"AA48K,AB263E",reverse,0.285754,0.28
4g0n,"TB68A,IA21A",forward,-2.12976,-3.08
4g0n,"VB69A,IA21A",forward,-1.55136,-2.08
4g0n,"VB88A,IA21A",forward,-0.290701,-1.35
4g0n,"AB88V,AA21I",reverse,0.290701,0.26
4g0n,"VB88A,HA27A",forward,-0.192551,0.12
4g0n,"AB88V,AA27H",reverse,0.192551,0.28
4g0n,"RB59A,EA31A",forward,-2.12976,-2.23
4g0n,"TB68A,EA31A",forward,-1.55136,-2.5
4g0n,"KB84A,EA31A",forward,-2.03299,-2
4g0n,"RB59A,DA33A",forward,-2.51661,-2.99
4g0n,"KB84A,DA33A",forward,-2.61379,-2.36
4g0n,"RB59A,IA36A",forward,-4.25776,-3.81
4g0n,"TB68A,IA36A",forward,-3.00067,-3.24
4g0n,"VB69A,IA36A",forward,-2.61379,-3.08
4g0n,"RB59A,EA37A",forward,-2.32357,-3.49
4g0n,"TB68A,EA37A",forward,-2.80708,-2.42
4g0n,"VB69A,EA37A",forward,-2.71034,-2.41
4g0n,"KB84A,EA37A",forward,-3.38753,-4.31
4g0n,"RB59A,DA38A",forward,-4.45149,-4.24
4g0n,"TB68A,DA38A",forward,-3.00067,-5.1
4g0n,"QB66A,SA39A",forward,-2.03299,-1.66
4g0n,"RB67A,SA39A",forward,-2.22685,-1.78
4g0n,"TB68A,SA39A",forward,-1.93727,-2.16
4g0n,"NB64A,RA41A",forward,0.580602,-0.35
4g0n,"QB66A,RA41A",forward,-1.25851,-2.06
4g0n,"NB64A,VA45A",forward,0,-0.2
4g0n,"AB64N,AA45V",reverse,0,0.01
4g0n,"QB66A,VA45A",forward,-1.55136,-1.54
4g0n,"RB67A,VA45A",forward,-1.74296,-1.88
4g0n,"TB68A,VA45A",forward,-1.06497,-2.2
1gua,"RB59A,EA37A",forward,-1.30081,-2.85
1gua,"VB69A,EA37A",forward,-1.70067,-2.39
